player_key,player_id,total_sessions,total_playtime_mins,avg_session_mins,first_seen,last_seen,favorite_game,favorite_platform,region,player_type,total_purchases,total_spent_usd,is_churned,total_playtime_hrs,days_active
1,P00001,53,4364.0,82.3,2026-01-10 01:51:18.196005,2026-03-18 22:58:18.196005,The Witcher 3,PC,Asia,regular,5,91.43,False,72.7,68
2,P00002,11,427.0,38.8,2026-01-12 00:15:18.196005,2026-02-12 12:08:18.196005,Hades,PC,North America,casual,0,0.0,True,7.1,32
3,P00003,128,25161.0,196.6,2026-01-06 17:28:18.196005,2026-03-23 23:42:18.196005,Elden Ring,PC,South America,hardcore,8,286.15,False,419.4,77
4,P00004,43,3753.0,87.3,2026-01-19 16:36:18.196005,2026-03-18 19:54:18.196005,The Witcher 3,Xbox Series X,South America,regular,2,37.41,False,62.6,59
5,P00005,1,28.0,28.0,2026-01-06 18:50:18.196005,2026-01-06 18:50:18.196005,Dota 2,PC,Asia,casual,0,0.0,True,0.5,1
6,P00006,33,6155.0,186.5,2026-01-07 16:23:18.196005,2026-01-26 15:33:18.196005,Apex Legends,PlayStation 5,North America,hardcore,6,213.03,True,102.6,19
7,P00007,33,2891.0,87.6,2026-01-25 02:52:18.196005,2026-03-06 22:29:18.196005,Grand Theft Auto V,PC,Asia,regular,1,28.94,True,48.2,41
8,P00008,55,4467.0,81.2,2026-01-09 12:33:18.196005,2026-03-21 02:08:18.196005,The Witcher 3,PC,Europe,regular,3,48.45,False,74.4,71
9,P00009,10,314.0,31.4,2026-01-21 13:21:18.196005,2026-02-10 15:57:18.196005,Elden Ring,Xbox Series X,Asia,casual,1,3.22,True,5.2,21
10,P00010,11,406.0,36.9,2025-12-29 19:01:18.196005,2026-01-26 16:24:18.196005,Apex Legends,PC,Europe,casual,0,0.0,True,6.8,28
11,P00011,2,101.0,50.5,2026-01-04 17:21:18.196005,2026-01-08 14:17:18.196005,Dota 2,PC,Europe,casual,0,0.0,True,1.7,4
12,P00012,119,21462.0,180.4,2026-01-12 01:36:18.196005,2026-03-24 02:35:18.196005,Dota 2,PlayStation 5,Europe,hardcore,10,350.57,False,357.7,72
13,P00014,50,4300.0,86.0,2025-12-28 12:27:18.196005,2026-03-23 01:37:18.196005,Apex Legends,PlayStation 5,Oceania,regular,5,104.53,False,71.7,85
14,P00016,1,55.0,55.0,2025-12-27 12:06:18.196005,2025-12-27 12:06:18.196005,Among Us,PlayStation 5,Europe,casual,0,0.0,True,0.9,1
15,P00017,30,2239.0,74.6,2026-01-07 02:10:18.196005,2026-02-22 14:18:18.196005,Hades,PC,Europe,regular,4,77.74,True,37.3,47
16,P00018,10,455.0,45.5,2026-01-03 15:58:18.196005,2026-02-03 03:09:18.196005,Elden Ring,PlayStation 5,Asia,casual,0,0.0,True,7.6,31
17,P00019,14,1124.0,80.3,2025-12-27 21:55:18.196005,2026-01-10 22:47:18.196005,The Witcher 3,PC,North America,regular,0,0.0,True,18.7,15
18,P00020,24,2138.0,89.1,2026-01-24 11:44:18.196005,2026-03-02 22:44:18.196005,Among Us,PC,Europe,regular,0,0.0,True,35.6,38
19,P00021,29,2307.0,79.6,2025-12-24 17:23:18.196005,2026-01-31 13:19:18.196005,Stardew Valley,PlayStation 5,Europe,regular,1,10.67,True,38.4,38
20,P00023,50,9640.0,192.8,2026-01-14 13:57:18.196005,2026-02-14 13:30:18.196005,Grand Theft Auto V,Xbox Series X,North America,hardcore,3,130.94,True,160.7,31
21,P00024,115,23833.0,207.2,2026-01-03 21:59:18.196005,2026-03-23 23:02:18.196005,Counter-Strike 2,Xbox Series X,Europe,hardcore,9,251.63,False,397.2,80
22,P00025,64,5387.0,84.2,2026-01-04 17:58:18.196005,2026-03-22 15:35:18.196005,The Witcher 3,PlayStation 5,Europe,regular,4,98.19,True,89.8,77
23,P00026,1,38.0,38.0,2026-01-08 15:22:18.196005,2026-01-08 15:22:18.196005,The Witcher 3,Xbox Series X,North America,casual,0,0.0,True,0.6,1
24,P00028,15,580.0,38.7,2025-12-29 16:05:18.196005,2026-02-20 03:33:18.196005,Apex Legends,PlayStation 5,South America,casual,1,1.84,True,9.7,53
25,P00029,4,113.0,28.2,2026-01-22 20:34:18.196005,2026-01-23 21:17:18.196005,Apex Legends,PC,Europe,casual,0,0.0,True,1.9,2
26,P00030,26,2283.0,87.8,2026-01-12 12:56:18.196005,2026-02-16 20:31:18.196005,The Witcher 3,PC,Europe,regular,2,31.4,True,38.0,36
27,P00031,9,669.0,74.3,2026-01-01 12:17:18.196005,2026-01-07 21:28:18.196005,Elden Ring,PlayStation 5,North America,regular,0,0.0,True,11.2,7
28,P00032,125,25034.0,200.3,2026-01-10 18:14:18.196005,2026-03-23 23:30:18.196005,The Witcher 3,PC,Oceania,hardcore,12,423.49,False,417.2,73
29,P00033,1,39.0,39.0,2025-12-26 16:29:18.196005,2025-12-26 16:29:18.196005,The Witcher 3,PlayStation 5,North America,casual,0,0.0,True,0.6,1
30,P00034,11,446.0,40.5,2026-01-02 17:14:18.196005,2026-01-23 21:25:18.196005,Hades,PlayStation 5,Europe,casual,0,0.0,True,7.4,22
31,P00035,2,79.0,39.5,2026-01-13 18:33:18.196005,2026-01-14 02:16:18.196005,Stardew Valley,PC,Asia,casual,0,0.0,True,1.3,1
32,P00036,1,43.0,43.0,2025-12-24 22:43:18.196005,2025-12-24 22:43:18.196005,Stardew Valley,PlayStation 5,Asia,casual,0,0.0,True,0.7,1
33,P00037,1,51.0,51.0,2026-01-02 18:49:18.196005,2026-01-02 18:49:18.196005,Elden Ring,Xbox Series X,Asia,casual,0,0.0,True,0.8,1
34,P00038,8,341.0,42.6,2026-01-18 18:00:18.196005,2026-01-31 22:45:18.196005,Hades,Xbox Series X,South America,casual,0,0.0,True,5.7,14
35,P00039,2,85.0,42.5,2026-01-25 01:22:18.196005,2026-01-30 15:24:18.196005,The Witcher 3,Xbox Series X,North America,casual,0,0.0,True,1.4,6
36,P00040,61,4982.0,81.7,2026-01-04 17:33:18.196005,2026-03-24 03:23:18.196005,Cyberpunk 2077,Xbox Series X,Asia,regular,3,55.55,False,83.0,79
37,P00042,35,2765.0,79.0,2026-01-11 17:09:18.196005,2026-03-14 20:03:18.196005,Counter-Strike 2,PlayStation 5,Asia,regular,1,5.66,True,46.1,63
38,P00043,17,1413.0,83.1,2026-01-16 17:04:18.196005,2026-02-09 13:33:18.196005,Hades,Xbox Series X,North America,regular,0,0.0,True,23.6,24
39,P00045,54,4410.0,81.7,2026-01-19 16:34:18.196005,2026-03-23 12:03:18.196005,Stardew Valley,PC,Europe,regular,3,59.62,False,73.5,63
40,P00047,2,63.0,31.5,2026-01-14 03:15:18.196005,2026-01-19 22:23:18.196005,Stardew Valley,PlayStation 5,Asia,casual,0,0.0,True,1.0,6
41,P00048,16,579.0,36.2,2026-01-10 15:01:18.196005,2026-03-07 18:44:18.196005,Hades,PC,North America,casual,0,0.0,True,9.6,57
42,P00049,42,3497.0,83.3,2026-01-06 11:45:18.196005,2026-03-22 00:53:18.196005,Elden Ring,Xbox Series X,North America,regular,1,20.09,False,58.3,75
43,P00051,3,99.0,33.0,2026-01-16 21:22:18.196005,2026-01-26 17:07:18.196005,Counter-Strike 2,PlayStation 5,Europe,casual,1,9.86,True,1.6,10
44,P00052,3,102.0,34.0,2026-01-03 01:27:18.196005,2026-01-04 22:17:18.196005,Counter-Strike 2,PC,South America,casual,1,5.49,True,1.7,2
45,P00053,11,727.0,66.1,2026-01-02 23:14:18.196005,2026-01-13 18:53:18.196005,Hades,PC,North America,regular,0,0.0,True,12.1,11
46,P00054,13,1078.0,82.9,2026-01-21 19:04:18.196005,2026-02-13 22:51:18.196005,Elden Ring,Xbox Series X,North America,regular,1,28.01,True,18.0,24
47,P00055,26,2058.0,79.2,2026-01-15 17:25:18.196005,2026-02-16 18:41:18.196005,Dota 2,Xbox Series X,North America,regular,3,60.55,True,34.3,33
48,P00056,60,4943.0,82.4,2026-01-13 15:38:18.196005,2026-03-24 00:21:18.196005,Hades,Xbox Series X,Europe,regular,3,51.68,False,82.4,70
49,P00057,2,52.0,26.0,2025-12-26 15:12:18.196005,2025-12-27 21:54:18.196005,Apex Legends,PlayStation 5,Europe,casual,0,0.0,True,0.9,2
50,P00058,7,657.0,93.9,2025-12-26 21:34:18.196005,2026-01-02 15:54:18.196005,Apex Legends,PlayStation 5,Asia,regular,0,0.0,True,11.0,7
51,P00059,23,901.0,39.2,2026-01-20 13:05:18.196005,2026-03-18 17:03:18.196005,Stardew Valley,PC,Europe,casual,0,0.0,True,15.0,58
52,P00060,5,206.0,41.2,2025-12-30 16:50:18.196005,2026-01-04 19:48:18.196005,Cyberpunk 2077,Xbox Series X,Asia,casual,1,6.56,True,3.4,6
53,P00061,13,1096.0,84.3,2026-01-07 14:26:18.196005,2026-02-06 03:27:18.196005,Counter-Strike 2,PC,North America,regular,0,0.0,True,18.3,30
54,P00062,1,23.0,23.0,2026-01-14 14:55:18.196005,2026-01-14 14:55:18.196005,Grand Theft Auto V,PC,North America,casual,0,0.0,True,0.4,1
55,P00063,63,5140.0,81.6,2026-01-11 18:44:18.196005,2026-03-23 17:12:18.196005,Cyberpunk 2077,Xbox Series X,North America,regular,1,5.69,False,85.7,71
56,P00065,49,4314.0,88.0,2026-01-15 17:00:18.196005,2026-03-23 20:18:18.196005,Among Us,Xbox Series X,North America,regular,2,38.55,False,71.9,68
57,P00066,52,4098.0,78.8,2026-01-05 18:31:18.196005,2026-03-21 16:14:18.196005,The Witcher 3,PlayStation 5,Asia,regular,2,32.27,False,68.3,75
58,P00067,30,2428.0,80.9,2025-12-28 13:07:18.196005,2026-02-17 19:08:18.196005,Among Us,Xbox Series X,Europe,regular,0,0.0,True,40.5,52
59,P00068,1,29.0,29.0,2026-01-10 11:51:18.196005,2026-01-10 11:51:18.196005,Counter-Strike 2,Xbox Series X,Asia,casual,0,0.0,True,0.5,1
60,P00069,5,224.0,44.8,2026-01-06 22:08:18.196005,2026-01-18 03:19:18.196005,Hades,Xbox Series X,North America,casual,0,0.0,True,3.7,12
61,P00070,13,561.0,43.2,2025-12-31 22:36:18.196005,2026-02-05 01:28:18.196005,Grand Theft Auto V,Xbox Series X,Asia,casual,0,0.0,True,9.4,36
62,P00071,3,79.0,26.3,2026-01-15 13:25:18.196005,2026-01-18 20:36:18.196005,The Witcher 3,Xbox Series X,Europe,casual,0,0.0,True,1.3,4
63,P00073,111,20720.0,186.7,2026-01-16 14:36:18.196005,2026-03-22 21:06:18.196005,Stardew Valley,PC,Asia,hardcore,8,267.0,False,345.3,66
64,P00074,7,249.0,35.6,2025-12-27 15:13:18.196005,2026-01-22 16:13:18.196005,Hades,PlayStation 5,North America,casual,0,0.0,True,4.2,27
65,P00075,2,102.0,51.0,2026-01-06 16:17:18.196005,2026-01-07 19:25:18.196005,Cyberpunk 2077,PlayStation 5,North America,casual,0,0.0,True,1.7,2
66,P00076,6,208.0,34.7,2026-01-20 11:55:18.196005,2026-02-09 18:55:18.196005,Grand Theft Auto V,Xbox Series X,North America,casual,0,0.0,True,3.5,21
67,P00077,5,220.0,44.0,2026-01-06 13:01:18.196005,2026-01-20 22:04:18.196005,Hades,Xbox Series X,South America,casual,0,0.0,True,3.7,15
68,P00078,16,1199.0,74.9,2026-01-06 14:23:18.196005,2026-01-22 22:50:18.196005,Cyberpunk 2077,Xbox Series X,North America,regular,1,25.81,True,20.0,17
69,P00079,68,5665.0,83.3,2025-12-26 18:31:18.196005,2026-03-23 13:39:18.196005,The Witcher 3,Xbox Series X,Europe,regular,2,25.63,False,94.4,87
70,P00080,29,2338.0,80.6,2025-12-28 19:12:18.196005,2026-02-02 14:50:18.196005,Hades,Xbox Series X,North America,regular,0,0.0,True,39.0,36
71,P00081,55,4417.0,80.3,2026-01-09 12:59:18.196005,2026-03-23 19:37:18.196005,Dota 2,Xbox Series X,Europe,regular,3,54.94,False,73.6,74
72,P00083,44,3710.0,84.3,2026-01-20 01:31:18.196005,2026-03-23 22:44:18.196005,Stardew Valley,PC,North America,regular,2,37.99,False,61.8,63
73,P00084,6,295.0,49.2,2026-01-16 18:29:18.196005,2026-02-01 20:41:18.196005,Dota 2,Xbox Series X,Europe,casual,0,0.0,True,4.9,17
74,P00087,54,4145.0,76.8,2026-01-12 19:09:18.196005,2026-03-23 19:34:18.196005,Grand Theft Auto V,PC,Europe,regular,3,75.96,False,69.1,71
75,P00089,4,170.0,42.5,2026-01-14 22:32:18.196005,2026-01-25 03:06:18.196005,Elden Ring,PC,Asia,casual,0,0.0,True,2.8,11
76,P00090,1,68.0,68.0,2025-12-29 12:26:18.196005,2025-12-29 12:26:18.196005,Elden Ring,Xbox Series X,Europe,regular,0,0.0,True,1.1,1
77,P00091,19,768.0,40.4,2025-12-24 16:29:18.196005,2026-02-11 03:13:18.196005,The Witcher 3,PC,Europe,casual,0,0.0,True,12.8,49
78,P00092,38,2962.0,77.9,2026-01-23 16:05:18.196005,2026-03-15 15:17:18.196005,Counter-Strike 2,PC,Asia,regular,0,0.0,True,49.4,51
79,P00093,3,140.0,46.7,2026-01-24 13:23:18.196005,2026-01-28 21:54:18.196005,Dota 2,PC,Europe,casual,0,0.0,True,2.3,5
80,P00096,48,4111.0,85.6,2026-01-17 15:04:18.196005,2026-03-13 23:43:18.196005,Cyberpunk 2077,PlayStation 5,North America,regular,3,48.08,True,68.5,56
81,P00097,6,235.0,39.2,2026-01-21 23:35:18.196005,2026-01-30 13:24:18.196005,Dota 2,Xbox Series X,Europe,casual,0,0.0,True,3.9,9
82,P00099,2,68.0,34.0,2025-12-24 16:03:18.196005,2025-12-25 11:43:18.196005,Dota 2,Xbox Series X,South America,casual,0,0.0,True,1.1,1
83,P00100,129,24940.0,193.3,2026-01-05 13:52:18.196005,2026-03-22 02:18:18.196005,Elden Ring,Xbox Series X,Asia,hardcore,12,493.17,False,415.7,76
84,P00101,131,24494.0,187.0,2026-01-12 19:42:18.196005,2026-03-23 21:45:18.196005,Hades,PlayStation 5,Asia,hardcore,12,407.31,False,408.2,71
85,P00102,6,548.0,91.3,2026-01-20 22:38:18.196005,2026-01-29 03:34:18.196005,Stardew Valley,PlayStation 5,North America,regular,1,20.08,True,9.1,9
86,P00103,1,47.0,47.0,2026-01-10 15:52:18.196005,2026-01-10 15:52:18.196005,Dota 2,PlayStation 5,North America,casual,0,0.0,True,0.8,1
87,P00104,124,25752.0,207.7,2026-01-10 14:35:18.196005,2026-03-19 22:53:18.196005,The Witcher 3,PC,Europe,hardcore,12,446.05,True,429.2,69
88,P00105,28,2347.0,83.8,2025-12-30 16:59:18.196005,2026-01-29 02:14:18.196005,Elden Ring,PC,Oceania,regular,0,0.0,True,39.1,30
89,P00106,5,436.0,87.2,2025-12-30 20:55:18.196005,2026-01-01 23:09:18.196005,Stardew Valley,PC,Oceania,regular,0,0.0,True,7.3,3
90,P00109,2,82.0,41.0,2025-12-28 12:36:18.196005,2025-12-30 03:27:18.196005,Elden Ring,PC,Europe,casual,0,0.0,True,1.4,2
91,P00110,92,18226.0,198.1,2026-01-21 16:24:18.196005,2026-03-24 01:31:18.196005,The Witcher 3,Xbox Series X,Oceania,hardcore,7,176.93,False,303.8,62
92,P00112,4,157.0,39.2,2026-01-12 14:58:18.196005,2026-02-01 19:32:18.196005,The Witcher 3,PC,Asia,casual,0,0.0,True,2.6,21
93,P00113,6,266.0,44.3,2026-01-20 16:24:18.196005,2026-02-04 01:11:18.196005,Stardew Valley,PC,Asia,casual,0,0.0,True,4.4,15
94,P00114,62,5148.0,83.0,2026-01-02 17:13:18.196005,2026-03-24 00:09:18.196005,Dota 2,PC,Asia,regular,1,7.67,False,85.8,81
95,P00115,12,501.0,41.8,2026-01-03 20:11:18.196005,2026-02-03 22:40:18.196005,Hades,Xbox Series X,North America,casual,0,0.0,True,8.4,32
96,P00116,7,1553.0,221.9,2026-01-20 03:16:18.196005,2026-01-22 22:19:18.196005,Counter-Strike 2,PC,North America,hardcore,1,43.11,True,25.9,3
97,P00117,31,2633.0,84.9,2026-01-15 20:46:18.196005,2026-02-16 00:02:18.196005,Dota 2,PC,Europe,regular,1,19.37,True,43.9,32
98,P00118,58,4833.0,83.3,2026-01-15 17:00:18.196005,2026-03-22 18:21:18.196005,Apex Legends,Xbox Series X,North America,regular,3,68.81,False,80.6,67
99,P00119,1,21.0,21.0,2026-01-02 13:10:18.196005,2026-01-02 13:10:18.196005,Counter-Strike 2,PC,Oceania,casual,0,0.0,True,0.4,1
100,P00120,22,1833.0,83.3,2025-12-26 16:09:18.196005,2026-02-03 15:59:18.196005,Counter-Strike 2,PlayStation 5,Asia,regular,0,0.0,True,30.6,39
101,P00121,2,199.0,99.5,2026-01-01 22:37:18.196005,2026-01-02 03:10:18.196005,Elden Ring,PC,Asia,regular,1,7.7,True,3.3,1
102,P00122,12,1184.0,98.7,2025-12-24 18:53:18.196005,2026-01-06 12:59:18.196005,The Witcher 3,Xbox Series X,Asia,regular,0,0.0,True,19.7,13
103,P00123,7,260.0,37.1,2025-12-29 18:52:18.196005,2026-01-12 22:07:18.196005,Among Us,PlayStation 5,Asia,casual,0,0.0,True,4.3,15
104,P00124,2,80.0,40.0,2026-01-22 13:53:18.196005,2026-01-22 16:42:18.196005,Among Us,PlayStation 5,Asia,casual,0,0.0,True,1.3,1
105,P00125,3,103.0,34.3,2026-01-12 22:38:18.196005,2026-01-17 12:46:18.196005,Counter-Strike 2,Xbox Series X,Europe,casual,0,0.0,True,1.7,5
106,P00126,3,107.0,35.7,2026-01-22 20:44:18.196005,2026-01-25 20:10:18.196005,Grand Theft Auto V,Xbox Series X,Europe,casual,0,0.0,True,1.8,3
107,P00127,14,574.0,41.0,2025-12-30 11:39:18.196005,2026-01-31 12:48:18.196005,The Witcher 3,PC,Europe,casual,0,0.0,True,9.6,33
108,P00128,6,262.0,43.7,2026-01-03 14:09:18.196005,2026-01-16 11:53:18.196005,Among Us,Xbox Series X,Asia,casual,1,5.81,True,4.4,13
109,P00130,62,4866.0,78.5,2025-12-26 15:40:18.196005,2026-03-09 22:01:18.196005,Elden Ring,PC,North America,regular,3,39.46,True,81.1,74
110,P00131,5,217.0,43.4,2026-01-07 02:53:18.196005,2026-01-14 15:23:18.196005,Elden Ring,Xbox Series X,Europe,casual,0,0.0,True,3.6,8
111,P00132,110,21067.0,191.5,2026-01-10 12:30:18.196005,2026-03-20 20:24:18.196005,Counter-Strike 2,PC,Asia,hardcore,10,353.13,False,351.1,70
112,P00133,10,830.0,83.0,2026-01-17 11:57:18.196005,2026-01-26 03:17:18.196005,Among Us,PC,North America,regular,0,0.0,True,13.8,9
113,P00135,12,979.0,81.6,2026-01-22 14:49:18.196005,2026-02-11 21:53:18.196005,Elden Ring,PC,North America,regular,1,15.87,True,16.3,21
114,P00136,2,74.0,37.0,2026-01-07 12:00:18.196005,2026-01-08 01:15:18.196005,Counter-Strike 2,Xbox Series X,North America,casual,0,0.0,True,1.2,1
115,P00137,109,21575.0,197.9,2026-01-02 01:49:18.196005,2026-03-08 19:08:18.196005,The Witcher 3,PC,North America,hardcore,8,338.02,True,359.6,66
116,P00138,14,530.0,37.9,2026-01-09 11:54:18.196005,2026-02-26 01:42:18.196005,Dota 2,PC,Europe,casual,0,0.0,True,8.8,48
117,P00140,15,554.0,36.9,2025-12-29 22:41:18.196005,2026-02-11 02:07:18.196005,Cyberpunk 2077,PlayStation 5,Asia,casual,0,0.0,True,9.2,44
118,P00141,14,616.0,44.0,2026-01-10 13:35:18.196005,2026-03-02 22:32:18.196005,Counter-Strike 2,PlayStation 5,Asia,casual,0,0.0,True,10.3,52
119,P00142,15,535.0,35.7,2026-01-10 23:10:18.196005,2026-02-18 23:37:18.196005,Elden Ring,PlayStation 5,North America,casual,1,8.48,True,8.9,40
120,P00143,133,25785.0,193.9,2026-01-04 11:40:18.196005,2026-03-24 02:39:18.196005,Grand Theft Auto V,PC,Europe,hardcore,16,516.58,False,429.8,79
121,P00144,48,4021.0,83.8,2026-01-20 18:18:18.196005,2026-03-21 20:35:18.196005,Among Us,PC,North America,regular,2,49.93,False,67.0,61
122,P00146,1,28.0,28.0,2026-01-02 19:51:18.196005,2026-01-02 19:51:18.196005,Counter-Strike 2,PlayStation 5,North America,casual,0,0.0,True,0.5,1
123,P00147,1,52.0,52.0,2026-01-21 14:53:18.196005,2026-01-21 14:53:18.196005,Among Us,Xbox Series X,Asia,casual,0,0.0,True,0.9,1
124,P00148,7,615.0,87.9,2026-01-13 22:42:18.196005,2026-01-19 02:18:18.196005,Dota 2,Xbox Series X,Asia,regular,1,26.86,True,10.2,6
125,P00149,1,38.0,38.0,2026-01-19 13:56:18.196005,2026-01-19 13:56:18.196005,Counter-Strike 2,PC,Europe,casual,0,0.0,True,0.6,1
126,P00151,22,1788.0,81.3,2026-01-05 16:04:18.196005,2026-02-05 12:08:18.196005,Elden Ring,PC,North America,regular,1,18.69,True,29.8,31
127,P00152,142,28743.0,202.4,2026-01-06 23:46:18.196005,2026-03-23 17:53:18.196005,Apex Legends,Xbox Series X,Asia,hardcore,13,400.5,False,479.0,76
128,P00153,4,134.0,33.5,2026-01-12 16:44:18.196005,2026-01-24 18:36:18.196005,Dota 2,PC,Asia,casual,0,0.0,True,2.2,13
129,P00154,46,3649.0,79.3,2026-01-10 23:24:18.196005,2026-03-18 20:26:18.196005,Stardew Valley,PC,Europe,regular,3,59.06,True,60.8,67
130,P00155,1,28.0,28.0,2026-01-10 13:12:18.196005,2026-01-10 13:12:18.196005,Grand Theft Auto V,Xbox Series X,Asia,casual,0,0.0,True,0.5,1
131,P00156,55,4751.0,86.4,2026-01-05 02:51:18.196005,2026-03-18 18:54:18.196005,Counter-Strike 2,Xbox Series X,Europe,regular,2,41.94,False,79.2,73
132,P00157,7,229.0,32.7,2026-01-24 02:03:18.196005,2026-02-12 13:57:18.196005,Dota 2,PC,North America,casual,0,0.0,True,3.8,20
133,P00158,37,2992.0,80.9,2025-12-31 13:58:18.196005,2026-02-05 03:09:18.196005,Grand Theft Auto V,Xbox Series X,North America,regular,3,47.32,True,49.9,36
134,P00159,35,2925.0,83.6,2026-01-18 23:07:18.196005,2026-03-23 00:58:18.196005,The Witcher 3,PC,North America,regular,3,58.22,False,48.8,64
135,P00160,52,4191.0,80.6,2026-01-07 16:04:18.196005,2026-03-19 22:00:18.196005,The Witcher 3,Xbox Series X,North America,regular,4,74.08,False,69.8,72
136,P00161,10,429.0,42.9,2025-12-29 12:35:18.196005,2026-01-25 19:18:18.196005,The Witcher 3,Xbox Series X,Europe,casual,0,0.0,True,7.2,28
137,P00162,102,20500.0,201.0,2026-01-10 03:13:18.196005,2026-03-05 01:43:18.196005,Elden Ring,PlayStation 5,North America,hardcore,9,360.51,True,341.7,54
138,P00163,16,618.0,38.6,2025-12-31 20:03:18.196005,2026-02-21 13:21:18.196005,The Witcher 3,Xbox Series X,North America,casual,1,7.38,True,10.3,52
139,P00164,2,63.0,31.5,2026-01-19 13:40:18.196005,2026-01-20 15:19:18.196005,Elden Ring,Xbox Series X,North America,casual,0,0.0,True,1.0,2
140,P00165,7,515.0,73.6,2026-01-13 15:16:18.196005,2026-01-27 12:15:18.196005,Apex Legends,PC,South America,regular,2,33.99,True,8.6,14
141,P00166,18,660.0,36.7,2026-01-10 14:32:18.196005,2026-02-25 15:31:18.196005,Apex Legends,PC,North America,casual,1,2.73,True,11.0,47
142,P00167,27,2290.0,84.8,2025-12-26 21:59:18.196005,2026-01-26 17:04:18.196005,Among Us,Xbox Series X,Asia,regular,2,16.04,True,38.2,31
143,P00168,52,4287.0,82.4,2026-01-17 21:28:18.196005,2026-03-24 01:41:18.196005,Apex Legends,Xbox Series X,Europe,regular,4,60.39,False,71.4,66
144,P00169,1,54.0,54.0,2026-01-03 22:45:18.196005,2026-01-03 22:45:18.196005,Dota 2,PlayStation 5,Europe,casual,0,0.0,True,0.9,1
145,P00170,26,5653.0,217.4,2025-12-24 14:33:18.196005,2026-01-06 15:19:18.196005,Hades,PC,North America,hardcore,3,98.88,True,94.2,14
146,P00171,4,114.0,28.5,2026-01-23 15:35:18.196005,2026-02-13 12:27:18.196005,Stardew Valley,PC,North America,casual,0,0.0,True,1.9,21
147,P00172,4,404.0,101.0,2026-01-20 22:05:18.196005,2026-01-26 21:54:18.196005,Hades,PlayStation 5,Asia,regular,0,0.0,True,6.7,6
148,P00173,11,358.0,32.5,2026-01-24 15:24:18.196005,2026-03-03 13:19:18.196005,Cyberpunk 2077,Xbox Series X,North America,casual,0,0.0,True,6.0,38
149,P00174,101,19391.0,192.0,2026-01-04 15:04:18.196005,2026-02-26 23:06:18.196005,Hades,PlayStation 5,North America,hardcore,9,314.77,True,323.2,54
150,P00175,10,408.0,40.8,2025-12-29 21:24:18.196005,2026-02-02 20:41:18.196005,Stardew Valley,PC,North America,casual,0,0.0,True,6.8,35
151,P00177,2,73.0,36.5,2026-01-04 14:43:18.196005,2026-01-06 16:05:18.196005,Apex Legends,Xbox Series X,North America,casual,0,0.0,True,1.2,3
152,P00178,169,32124.0,190.1,2025-12-24 19:14:18.196005,2026-03-24 02:11:18.196005,The Witcher 3,PC,Europe,hardcore,22,810.19,False,535.4,90
153,P00179,124,23849.0,192.3,2026-01-11 19:01:18.196005,2026-03-23 17:27:18.196005,Dota 2,PC,South America,hardcore,10,290.7,False,397.5,71
154,P00180,11,825.0,75.0,2026-01-16 13:02:18.196005,2026-01-27 20:17:18.196005,Dota 2,PlayStation 5,Europe,regular,1,6.35,True,13.8,12
155,P00181,154,29989.0,194.7,2026-01-07 13:35:18.196005,2026-03-24 03:24:18.196005,Cyberpunk 2077,PlayStation 5,Asia,hardcore,18,695.65,False,499.8,76
156,P00182,101,19294.0,191.0,2026-01-21 13:16:18.196005,2026-03-24 02:42:18.196005,The Witcher 3,PC,Europe,hardcore,14,500.42,False,321.6,62
157,P00183,5,442.0,88.4,2026-01-02 17:11:18.196005,2026-01-06 15:18:18.196005,Stardew Valley,PlayStation 5,Europe,regular,2,49.0,True,7.4,4
158,P00184,5,166.0,33.2,2026-01-16 14:40:18.196005,2026-01-23 03:16:18.196005,Cyberpunk 2077,PlayStation 5,North America,casual,0,0.0,True,2.8,7
159,P00185,1,100.0,100.0,2026-01-14 16:38:18.196005,2026-01-14 16:38:18.196005,Dota 2,Xbox Series X,North America,regular,0,0.0,True,1.7,1
160,P00186,67,5377.0,80.3,2025-12-26 20:59:18.196005,2026-03-23 20:08:18.196005,Hades,Xbox Series X,Europe,regular,4,92.89,False,89.6,87
161,P00187,3,99.0,33.0,2026-01-21 00:27:18.196005,2026-01-22 15:34:18.196005,Dota 2,PC,North America,casual,0,0.0,True,1.6,2
162,P00188,7,292.0,41.7,2026-01-20 14:07:18.196005,2026-02-05 17:24:18.196005,Dota 2,PlayStation 5,Europe,casual,0,0.0,True,4.9,17
163,P00189,47,3950.0,84.0,2026-01-15 16:55:18.196005,2026-03-24 02:52:18.196005,The Witcher 3,PC,North America,regular,4,97.3,False,65.8,68
164,P00191,155,31078.0,200.5,2025-12-26 00:21:18.196005,2026-03-20 23:22:18.196005,The Witcher 3,Xbox Series X,North America,hardcore,13,400.83,True,518.0,85
165,P00192,4,185.0,46.2,2026-01-22 21:26:18.196005,2026-01-26 01:25:18.196005,Dota 2,PC,Europe,casual,0,0.0,True,3.1,4
166,P00193,5,210.0,42.0,2025-12-30 18:10:18.196005,2026-01-05 23:04:18.196005,Hades,PlayStation 5,North America,casual,0,0.0,True,3.5,7
167,P00194,43,3557.0,82.7,2026-01-19 12:16:18.196005,2026-03-21 22:59:18.196005,Apex Legends,PC,North America,regular,0,0.0,True,59.3,62
168,P00195,11,496.0,45.1,2026-01-15 02:18:18.196005,2026-02-20 17:56:18.196005,Stardew Valley,PC,Europe,casual,0,0.0,True,8.3,37
169,P00197,7,499.0,71.3,2026-01-11 22:29:18.196005,2026-01-18 19:11:18.196005,Counter-Strike 2,PlayStation 5,North America,regular,0,0.0,True,8.3,7
170,P00198,150,29347.0,195.6,2025-12-27 01:10:18.196005,2026-03-21 02:22:18.196005,Grand Theft Auto V,PC,Europe,hardcore,15,512.83,False,489.1,85
171,P00199,7,272.0,38.9,2025-12-24 20:58:18.196005,2026-01-06 18:50:18.196005,Among Us,PlayStation 5,South America,casual,0,0.0,True,4.5,13
172,P00200,1,36.0,36.0,2026-01-16 19:50:18.196005,2026-01-16 19:50:18.196005,Grand Theft Auto V,PC,Europe,casual,0,0.0,True,0.6,1
173,P00201,35,2997.0,85.6,2026-01-05 14:20:18.196005,2026-02-16 20:26:18.196005,Stardew Valley,PC,Europe,regular,0,0.0,True,50.0,43
174,P00202,173,33075.0,191.2,2026-01-01 14:10:18.196005,2026-03-22 20:07:18.196005,Hades,PC,South America,hardcore,19,720.19,False,551.2,81
175,P00203,21,1987.0,94.6,2026-01-07 23:24:18.196005,2026-02-01 01:46:18.196005,Counter-Strike 2,Xbox Series X,Oceania,regular,1,8.26,True,33.1,25
176,P00204,3,111.0,37.0,2026-01-03 21:39:18.196005,2026-01-11 16:53:18.196005,Among Us,Xbox Series X,Oceania,casual,0,0.0,True,1.8,8
177,P00205,1,43.0,43.0,2026-01-24 03:04:18.196005,2026-01-24 03:04:18.196005,Grand Theft Auto V,PC,South America,casual,0,0.0,True,0.7,1
178,P00206,6,262.0,43.7,2025-12-28 17:24:18.196005,2026-01-11 12:20:18.196005,The Witcher 3,Xbox Series X,Asia,casual,1,3.55,True,4.4,14
179,P00207,15,564.0,37.6,2026-01-15 12:37:18.196005,2026-03-15 00:42:18.196005,Cyberpunk 2077,Xbox Series X,North America,casual,0,0.0,True,9.4,59
180,P00208,55,4350.0,79.1,2026-01-08 17:10:18.196005,2026-03-05 15:22:18.196005,Grand Theft Auto V,PlayStation 5,North America,regular,3,66.66,True,72.5,56
181,P00209,5,164.0,32.8,2026-01-22 23:01:18.196005,2026-01-27 20:08:18.196005,Apex Legends,Xbox Series X,South America,casual,0,0.0,True,2.7,5
182,P00210,8,679.0,84.9,2026-01-01 00:35:18.196005,2026-01-12 19:38:18.196005,Cyberpunk 2077,PlayStation 5,Asia,regular,0,0.0,True,11.3,12
183,P00211,53,4243.0,80.1,2026-01-13 03:33:18.196005,2026-03-24 02:51:18.196005,Cyberpunk 2077,PC,Europe,regular,6,88.48,False,70.7,70
184,P00212,12,979.0,81.6,2026-01-12 00:37:18.196005,2026-01-20 03:14:18.196005,Hades,PlayStation 5,North America,regular,1,23.86,True,16.3,9
185,P00213,17,693.0,40.8,2026-01-17 21:19:18.196005,2026-03-08 16:29:18.196005,Grand Theft Auto V,PlayStation 5,North America,casual,0,0.0,True,11.6,50
186,P00214,39,3491.0,89.5,2025-12-26 23:37:18.196005,2026-02-23 13:35:18.196005,Elden Ring,Xbox Series X,Asia,regular,2,38.07,True,58.2,59
187,P00215,43,3682.0,85.6,2026-01-12 14:18:18.196005,2026-02-22 12:20:18.196005,Elden Ring,Xbox Series X,Asia,regular,1,12.96,True,61.4,41
188,P00216,47,3825.0,81.4,2026-01-14 17:38:18.196005,2026-03-23 11:43:18.196005,The Witcher 3,PlayStation 5,Asia,regular,2,40.61,False,63.8,68
189,P00217,2,103.0,51.5,2026-01-17 16:35:18.196005,2026-01-18 00:06:18.196005,Dota 2,PlayStation 5,Europe,casual,0,0.0,True,1.7,1
190,P00218,8,283.0,35.4,2026-01-12 11:40:18.196005,2026-01-30 20:27:18.196005,Apex Legends,Xbox Series X,North America,casual,0,0.0,True,4.7,19
191,P00219,111,21732.0,195.8,2025-12-30 18:41:18.196005,2026-03-06 23:29:18.196005,Cyberpunk 2077,PC,North America,hardcore,10,333.58,True,362.2,67
192,P00220,6,237.0,39.5,2026-01-01 20:32:18.196005,2026-01-20 21:47:18.196005,Cyberpunk 2077,PC,North America,casual,0,0.0,True,4.0,20
193,P00221,7,244.0,34.9,2026-01-19 20:30:18.196005,2026-02-11 21:43:18.196005,Among Us,PC,Europe,casual,0,0.0,True,4.1,24
194,P00223,39,3267.0,83.8,2026-01-16 19:20:18.196005,2026-03-22 16:43:18.196005,Stardew Valley,PlayStation 5,Europe,regular,3,63.58,False,54.4,65
195,P00224,72,14727.0,204.5,2025-12-30 17:56:18.196005,2026-02-10 13:29:18.196005,Elden Ring,PlayStation 5,Oceania,hardcore,9,306.22,True,245.4,42
196,P00225,1,44.0,44.0,2026-01-22 18:40:18.196005,2026-01-22 18:40:18.196005,Cyberpunk 2077,Xbox Series X,Asia,casual,0,0.0,True,0.7,1
197,P00226,144,28097.0,195.1,2026-01-05 14:57:18.196005,2026-03-23 21:20:18.196005,The Witcher 3,PlayStation 5,Europe,hardcore,14,383.52,False,468.3,78
198,P00228,14,1263.0,90.2,2026-01-21 17:59:18.196005,2026-02-06 16:48:18.196005,Elden Ring,PC,North America,regular,0,0.0,True,21.0,16
199,P00229,19,1517.0,79.8,2025-12-27 15:49:18.196005,2026-01-21 16:57:18.196005,Counter-Strike 2,PlayStation 5,Asia,regular,0,0.0,True,25.3,26
200,P00230,2,95.0,47.5,2026-01-07 22:19:18.196005,2026-01-10 19:41:18.196005,Hades,PC,South America,casual,0,0.0,True,1.6,3
201,P00231,10,377.0,37.7,2026-01-13 18:13:18.196005,2026-03-04 03:06:18.196005,Elden Ring,PC,Asia,casual,0,0.0,True,6.3,50
202,P00232,1,33.0,33.0,2026-01-07 20:57:18.196005,2026-01-07 20:57:18.196005,Elden Ring,PlayStation 5,North America,casual,0,0.0,True,0.6,1
203,P00233,157,30105.0,191.8,2026-01-03 14:37:18.196005,2026-03-24 01:59:18.196005,Stardew Valley,PlayStation 5,Europe,hardcore,18,718.53,False,501.8,80
204,P00234,4,358.0,89.5,2026-01-08 17:35:18.196005,2026-01-12 00:58:18.196005,The Witcher 3,PlayStation 5,Europe,regular,0,0.0,True,6.0,4
205,P00235,152,29766.0,195.8,2026-01-04 16:47:18.196005,2026-03-23 18:19:18.196005,Stardew Valley,Xbox Series X,South America,hardcore,17,534.08,False,496.1,79
206,P00237,2,64.0,32.0,2026-01-01 11:50:18.196005,2026-01-02 16:45:18.196005,Dota 2,PlayStation 5,North America,casual,0,0.0,True,1.1,2
207,P00238,42,3601.0,85.7,2026-01-14 19:15:18.196005,2026-03-24 03:14:18.196005,Grand Theft Auto V,PC,North America,regular,4,85.97,False,60.0,69
208,P00240,11,424.0,38.5,2025-12-27 13:54:18.196005,2026-01-31 17:22:18.196005,Apex Legends,PlayStation 5,North America,casual,1,6.07,True,7.1,36
209,P00241,41,3283.0,80.1,2026-01-12 18:18:18.196005,2026-03-22 01:38:18.196005,Grand Theft Auto V,PC,North America,regular,3,40.27,True,54.7,69
210,P00242,50,4135.0,82.7,2025-12-27 14:49:18.196005,2026-02-22 23:30:18.196005,Apex Legends,PlayStation 5,North America,regular,0,0.0,True,68.9,58
211,P00243,24,920.0,38.3,2026-01-02 19:42:18.196005,2026-02-25 13:18:18.196005,Stardew Valley,Xbox Series X,Asia,casual,1,4.19,True,15.3,54
212,P00244,25,2073.0,82.9,2026-01-12 15:02:18.196005,2026-02-12 17:08:18.196005,Stardew Valley,PlayStation 5,North America,regular,1,27.8,True,34.6,32
213,P00245,54,4386.0,81.2,2026-01-02 20:34:18.196005,2026-03-16 23:37:18.196005,Apex Legends,Xbox Series X,Asia,regular,5,78.03,True,73.1,74
214,P00246,148,29796.0,201.3,2026-01-01 20:49:18.196005,2026-03-24 03:29:18.196005,The Witcher 3,PlayStation 5,North America,hardcore,22,795.75,False,496.6,82
215,P00247,50,4067.0,81.3,2026-01-06 19:21:18.196005,2026-03-19 15:10:18.196005,Apex Legends,PC,Europe,regular,2,22.4,True,67.8,72
216,P00249,4,153.0,38.2,2026-01-05 22:52:18.196005,2026-01-18 18:51:18.196005,Among Us,PC,Asia,casual,0,0.0,True,2.6,13
217,P00250,3,123.0,41.0,2025-12-25 13:14:18.196005,2026-01-02 23:44:18.196005,Dota 2,Xbox Series X,Europe,casual,0,0.0,True,2.0,9
218,P00251,5,371.0,74.2,2026-01-20 20:38:18.196005,2026-01-26 18:20:18.196005,Elden Ring,PlayStation 5,North America,regular,0,0.0,True,6.2,6
219,P00252,43,9211.0,214.2,2026-01-07 12:11:18.196005,2026-01-30 17:49:18.196005,Among Us,PC,Europe,hardcore,3,59.03,True,153.5,24
220,P00253,1,40.0,40.0,2026-01-08 12:24:18.196005,2026-01-08 12:24:18.196005,Stardew Valley,Xbox Series X,Asia,casual,0,0.0,True,0.7,1
221,P00254,8,285.0,35.6,2026-01-07 16:45:18.196005,2026-01-30 17:54:18.196005,Stardew Valley,Xbox Series X,Europe,casual,0,0.0,True,4.8,24
222,P00255,4,159.0,39.8,2026-01-18 20:37:18.196005,2026-01-26 00:45:18.196005,The Witcher 3,Xbox Series X,Europe,casual,0,0.0,True,2.6,8
223,P00256,35,2721.0,77.7,2025-12-31 18:00:18.196005,2026-02-10 18:09:18.196005,Hades,Xbox Series X,North America,regular,2,27.74,True,45.4,42
224,P00257,29,2438.0,84.1,2026-01-21 16:09:18.196005,2026-02-20 17:26:18.196005,Hades,Xbox Series X,Europe,regular,1,28.02,True,40.6,31
225,P00258,2,99.0,49.5,2026-01-22 18:28:18.196005,2026-01-24 18:17:18.196005,Among Us,PlayStation 5,Asia,casual,0,0.0,True,1.6,2
226,P00259,2,68.0,34.0,2026-01-15 01:49:18.196005,2026-01-18 00:34:18.196005,Among Us,Xbox Series X,North America,casual,0,0.0,True,1.1,3
227,P00260,28,2327.0,83.1,2025-12-24 11:36:18.196005,2026-02-09 16:00:18.196005,Hades,Xbox Series X,Europe,regular,2,29.22,True,38.8,48
228,P00261,4,144.0,36.0,2026-01-15 14:05:18.196005,2026-01-31 03:24:18.196005,Cyberpunk 2077,PC,South America,casual,0,0.0,True,2.4,16
229,P00262,60,5200.0,86.7,2026-01-10 16:14:18.196005,2026-03-22 18:36:18.196005,Among Us,Xbox Series X,North America,regular,1,7.42,False,86.7,72
230,P00263,8,308.0,38.5,2026-01-26 22:12:18.196005,2026-02-12 22:52:18.196005,Among Us,Xbox Series X,Asia,casual,1,1.28,True,5.1,18
231,P00264,1,48.0,48.0,2026-01-24 14:51:18.196005,2026-01-24 14:51:18.196005,Cyberpunk 2077,Xbox Series X,Europe,casual,0,0.0,True,0.8,1
232,P00265,95,19064.0,200.7,2026-01-14 15:21:18.196005,2026-03-17 00:02:18.196005,Apex Legends,PlayStation 5,North America,hardcore,7,284.59,True,317.7,62
233,P00268,3,152.0,50.7,2026-01-01 22:21:18.196005,2026-01-05 21:42:18.196005,Hades,PC,South America,casual,0,0.0,True,2.5,4
234,P00269,3,121.0,40.3,2026-01-16 00:59:18.196005,2026-01-28 21:33:18.196005,Among Us,Xbox Series X,North America,casual,0,0.0,True,2.0,13
235,P00271,1,45.0,45.0,2026-01-22 21:48:18.196005,2026-01-22 21:48:18.196005,Stardew Valley,PlayStation 5,Europe,casual,0,0.0,True,0.8,1
236,P00272,2,57.0,28.5,2026-01-06 15:53:18.196005,2026-01-14 13:45:18.196005,Counter-Strike 2,PlayStation 5,Asia,casual,0,0.0,True,1.0,8
237,P00273,10,359.0,35.9,2026-01-28 00:45:18.196005,2026-02-18 22:44:18.196005,Elden Ring,Xbox Series X,Europe,casual,0,0.0,True,6.0,22
238,P00274,10,901.0,90.1,2026-01-07 22:00:18.196005,2026-01-19 22:00:18.196005,Counter-Strike 2,Xbox Series X,Europe,regular,0,0.0,True,15.0,13
239,P00275,19,1606.0,84.5,2025-12-29 14:41:18.196005,2026-02-02 02:24:18.196005,Cyberpunk 2077,Xbox Series X,Europe,regular,2,28.01,True,26.8,35
240,P00276,2,100.0,50.0,2026-01-06 03:00:18.196005,2026-01-06 23:46:18.196005,The Witcher 3,PlayStation 5,Asia,casual,0,0.0,True,1.7,1
241,P00277,7,230.0,32.9,2026-01-06 12:18:18.196005,2026-02-12 02:47:18.196005,Dota 2,Xbox Series X,Asia,casual,1,3.5,True,3.8,37
242,P00278,18,1471.0,81.7,2026-01-16 00:41:18.196005,2026-02-01 16:09:18.196005,Apex Legends,PlayStation 5,South America,regular,0,0.0,True,24.5,17
243,P00279,119,21617.0,181.7,2026-01-06 23:08:18.196005,2026-03-23 01:38:18.196005,The Witcher 3,PC,North America,hardcore,11,335.77,False,360.3,76
244,P00280,11,1985.0,180.5,2026-01-17 19:49:18.196005,2026-01-22 03:28:18.196005,Hades,PC,Europe,hardcore,0,0.0,True,33.1,5
245,P00281,3,123.0,41.0,2026-01-05 22:03:18.196005,2026-01-10 21:17:18.196005,Elden Ring,PC,North America,casual,0,0.0,True,2.0,5
246,P00282,1,20.0,20.0,2026-01-10 19:41:18.196005,2026-01-10 19:41:18.196005,Grand Theft Auto V,PC,Europe,casual,0,0.0,True,0.3,1
247,P00283,5,188.0,37.6,2026-01-04 17:57:18.196005,2026-01-09 12:25:18.196005,Elden Ring,PlayStation 5,North America,casual,0,0.0,True,3.1,5
248,P00284,27,1192.0,44.1,2026-01-05 19:19:18.196005,2026-02-28 15:19:18.196005,Apex Legends,PC,Asia,casual,0,0.0,True,19.9,54
249,P00285,38,3224.0,84.8,2025-12-31 22:27:18.196005,2026-03-23 00:16:18.196005,Counter-Strike 2,PlayStation 5,Europe,regular,4,63.96,False,53.7,82
250,P00286,6,241.0,40.2,2026-01-01 19:13:18.196005,2026-01-20 01:25:18.196005,Apex Legends,PC,Europe,casual,0,0.0,True,4.0,19
251,P00287,1,34.0,34.0,2026-01-02 15:48:18.196005,2026-01-02 15:48:18.196005,Among Us,PlayStation 5,North America,casual,0,0.0,True,0.6,1
252,P00288,13,548.0,42.2,2026-01-16 23:43:18.196005,2026-02-24 17:44:18.196005,Among Us,PC,North America,casual,0,0.0,True,9.1,39
253,P00289,1,94.0,94.0,2025-12-31 01:18:18.196005,2025-12-31 01:18:18.196005,Cyberpunk 2077,Xbox Series X,Asia,regular,0,0.0,True,1.6,1
254,P00291,34,2860.0,84.1,2026-01-13 12:46:18.196005,2026-02-15 21:10:18.196005,Among Us,PC,Asia,regular,1,29.65,True,47.7,34
255,P00292,13,507.0,39.0,2025-12-31 14:05:18.196005,2026-02-10 17:36:18.196005,Cyberpunk 2077,Xbox Series X,Europe,casual,0,0.0,True,8.4,42
256,P00293,113,21891.0,193.7,2026-01-15 12:04:18.196005,2026-03-23 17:30:18.196005,Dota 2,PlayStation 5,Asia,hardcore,13,437.49,False,364.8,68
257,P00294,2,97.0,48.5,2026-01-09 13:47:18.196005,2026-01-14 21:54:18.196005,Grand Theft Auto V,Xbox Series X,North America,casual,0,0.0,True,1.6,6
258,P00295,5,475.0,95.0,2026-01-21 21:28:18.196005,2026-02-02 23:50:18.196005,Elden Ring,PC,Oceania,regular,0,0.0,True,7.9,13
259,P00296,135,26362.0,195.3,2026-01-07 16:27:18.196005,2026-03-23 15:19:18.196005,Counter-Strike 2,PC,North America,hardcore,19,734.25,False,439.4,75
260,P00297,143,28445.0,198.9,2026-01-12 17:37:18.196005,2026-03-24 01:12:18.196005,Counter-Strike 2,Xbox Series X,North America,hardcore,13,354.61,False,474.1,71
261,P00298,4,315.0,78.8,2026-01-18 01:51:18.196005,2026-01-20 00:14:18.196005,Dota 2,Xbox Series X,South America,regular,1,15.79,True,5.2,2
262,P00299,1,94.0,94.0,2026-01-19 16:17:18.196005,2026-01-19 16:17:18.196005,Apex Legends,PlayStation 5,Asia,regular,0,0.0,True,1.6,1
263,P00300,31,2690.0,86.8,2026-01-11 15:40:18.196005,2026-02-03 00:24:18.196005,Counter-Strike 2,Xbox Series X,Asia,regular,3,55.67,True,44.8,23
264,P00301,7,544.0,77.7,2026-01-08 12:09:18.196005,2026-01-24 23:06:18.196005,Dota 2,PlayStation 5,Oceania,regular,0,0.0,True,9.1,17
265,P00302,3,156.0,52.0,2026-02-01 02:45:18.196005,2026-02-10 23:24:18.196005,Dota 2,PlayStation 5,Europe,casual,0,0.0,True,2.6,10
266,P00303,49,3983.0,81.3,2026-01-09 18:41:18.196005,2026-03-20 00:01:18.196005,Cyberpunk 2077,Xbox Series X,North America,regular,5,94.55,False,66.4,70
267,P00304,57,4819.0,84.5,2026-01-16 20:08:18.196005,2026-03-20 20:22:18.196005,Counter-Strike 2,PlayStation 5,Europe,regular,2,37.88,False,80.3,64
268,P00305,74,14498.0,195.9,2025-12-24 20:21:18.196005,2026-02-08 01:57:18.196005,Hades,PC,North America,hardcore,6,226.07,True,241.6,46
269,P00306,10,444.0,44.4,2026-01-07 22:16:18.196005,2026-02-01 03:19:18.196005,Hades,Xbox Series X,North America,casual,3,11.82,True,7.4,25
270,P00308,37,3006.0,81.2,2026-01-07 16:19:18.196005,2026-03-16 02:47:18.196005,Elden Ring,PlayStation 5,Europe,regular,2,43.99,True,50.1,68
271,P00309,3,127.0,42.3,2026-01-19 18:15:18.196005,2026-01-21 14:26:18.196005,Counter-Strike 2,PC,Europe,casual,0,0.0,True,2.1,2
272,P00310,2,60.0,30.0,2026-01-15 12:22:18.196005,2026-01-15 22:11:18.196005,Hades,PC,Oceania,casual,0,0.0,True,1.0,1
273,P00311,1,35.0,35.0,2026-01-15 13:16:18.196005,2026-01-15 13:16:18.196005,Hades,PlayStation 5,North America,casual,0,0.0,True,0.6,1
274,P00312,4,140.0,35.0,2026-01-09 22:27:18.196005,2026-01-22 14:20:18.196005,Stardew Valley,Xbox Series X,Asia,casual,0,0.0,True,2.3,13
275,P00313,15,647.0,43.1,2025-12-28 15:56:18.196005,2026-01-22 18:21:18.196005,The Witcher 3,PC,Oceania,casual,0,0.0,True,10.8,26
276,P00315,1,24.0,24.0,2026-01-16 14:13:18.196005,2026-01-16 14:13:18.196005,Among Us,Xbox Series X,Europe,casual,0,0.0,True,0.4,1
277,P00317,5,223.0,44.6,2026-01-17 01:36:18.196005,2026-01-27 13:59:18.196005,Elden Ring,PC,Europe,casual,0,0.0,True,3.7,11
278,P00318,58,5018.0,86.5,2025-12-27 03:04:18.196005,2026-03-12 21:13:18.196005,Among Us,PlayStation 5,Europe,regular,4,82.81,True,83.6,76
279,P00320,153,30337.0,198.3,2025-12-31 14:43:18.196005,2026-03-24 01:39:18.196005,Counter-Strike 2,PlayStation 5,Asia,hardcore,15,600.34,False,505.6,83
280,P00321,122,24215.0,198.5,2026-01-13 13:44:18.196005,2026-03-23 22:24:18.196005,Grand Theft Auto V,PC,Europe,hardcore,11,413.83,False,403.6,70
281,P00323,3,142.0,47.3,2025-12-30 14:05:18.196005,2025-12-30 22:03:18.196005,Apex Legends,Xbox Series X,Europe,casual,0,0.0,True,2.4,1
282,P00324,64,5140.0,80.3,2026-01-02 21:29:18.196005,2026-03-23 12:27:18.196005,Grand Theft Auto V,Xbox Series X,North America,regular,4,56.63,False,85.7,80
283,P00325,26,2165.0,83.3,2026-01-19 16:21:18.196005,2026-02-24 02:25:18.196005,Among Us,PlayStation 5,Europe,regular,2,24.75,True,36.1,36
284,P00326,49,4025.0,82.1,2026-01-14 19:10:18.196005,2026-03-23 19:04:18.196005,Grand Theft Auto V,PlayStation 5,South America,regular,2,37.95,False,67.1,68
285,P00327,49,3900.0,79.6,2026-01-21 22:03:18.196005,2026-03-23 16:35:18.196005,Hades,PlayStation 5,Oceania,regular,2,29.44,False,65.0,61
286,P00328,5,437.0,87.4,2025-12-26 02:22:18.196005,2025-12-31 02:14:18.196005,Among Us,Xbox Series X,Europe,regular,0,0.0,True,7.3,5
287,P00329,44,3582.0,81.4,2026-01-22 17:45:18.196005,2026-03-22 19:12:18.196005,Dota 2,Xbox Series X,Europe,regular,2,49.85,False,59.7,60
288,P00330,6,216.0,36.0,2025-12-30 16:48:18.196005,2026-01-13 22:55:18.196005,Elden Ring,PlayStation 5,South America,casual,0,0.0,True,3.6,15
289,P00331,39,3084.0,79.1,2026-01-15 17:37:18.196005,2026-03-23 22:07:18.196005,Elden Ring,PlayStation 5,Asia,regular,3,64.28,False,51.4,68
290,P00332,6,264.0,44.0,2026-01-17 23:13:18.196005,2026-01-26 18:11:18.196005,Among Us,PlayStation 5,Oceania,casual,0,0.0,True,4.4,9
291,P00333,59,4682.0,79.4,2026-01-16 15:04:18.196005,2026-03-23 22:26:18.196005,Grand Theft Auto V,PlayStation 5,South America,regular,3,44.99,False,78.0,67
292,P00334,130,25569.0,196.7,2026-01-08 15:28:18.196005,2026-03-24 03:17:18.196005,Stardew Valley,Xbox Series X,Europe,hardcore,9,364.43,False,426.2,75
293,P00335,10,426.0,42.6,2026-01-24 20:03:18.196005,2026-02-11 17:27:18.196005,Among Us,Xbox Series X,South America,casual,1,9.11,True,7.1,18
294,P00336,55,4694.0,85.3,2026-01-04 18:54:18.196005,2026-03-22 22:44:18.196005,Cyberpunk 2077,PlayStation 5,Europe,regular,4,48.07,False,78.2,78
295,P00338,23,2044.0,88.9,2026-01-10 21:16:18.196005,2026-02-15 23:25:18.196005,Dota 2,PC,North America,regular,2,37.35,True,34.1,37
296,P00339,10,417.0,41.7,2026-01-21 12:58:18.196005,2026-02-13 00:06:18.196005,Among Us,Xbox Series X,North America,casual,1,9.2,True,7.0,23
297,P00340,142,27598.0,194.4,2026-01-01 21:39:18.196005,2026-03-24 00:14:18.196005,Apex Legends,Xbox Series X,North America,hardcore,7,221.56,False,460.0,82
298,P00341,3,122.0,40.7,2025-12-30 12:50:18.196005,2026-01-02 00:47:18.196005,Grand Theft Auto V,PC,South America,casual,0,0.0,True,2.0,3
299,P00342,55,11262.0,204.8,2026-01-15 15:53:18.196005,2026-02-20 14:36:18.196005,Among Us,PC,Asia,hardcore,7,157.36,True,187.7,36
300,P00343,8,602.0,75.2,2025-12-24 16:43:18.196005,2025-12-30 23:30:18.196005,Counter-Strike 2,PC,North America,regular,1,19.92,True,10.0,7
301,P00344,7,564.0,80.6,2025-12-27 15:51:18.196005,2026-01-02 17:40:18.196005,Grand Theft Auto V,PlayStation 5,North America,regular,1,20.13,True,9.4,7
302,P00345,2,189.0,94.5,2026-01-17 21:17:18.196005,2026-01-20 02:25:18.196005,Among Us,PlayStation 5,South America,regular,1,9.3,True,3.2,3
303,P00346,4,323.0,80.8,2026-01-13 23:04:18.196005,2026-01-17 18:39:18.196005,Elden Ring,PlayStation 5,North America,regular,0,0.0,True,5.4,4
304,P00347,138,28189.0,204.3,2026-01-06 12:21:18.196005,2026-03-24 00:13:18.196005,Stardew Valley,PlayStation 5,North America,hardcore,24,793.95,False,469.8,77
305,P00348,4,121.0,30.2,2026-01-16 00:12:18.196005,2026-01-27 03:28:18.196005,Among Us,PlayStation 5,North America,casual,0,0.0,True,2.0,12
306,P00349,50,4128.0,82.6,2026-01-05 20:45:18.196005,2026-03-22 13:10:18.196005,Among Us,PlayStation 5,Europe,regular,3,59.77,False,68.8,76
307,P00350,13,497.0,38.2,2026-01-06 15:41:18.196005,2026-02-14 20:01:18.196005,The Witcher 3,PlayStation 5,South America,casual,0,0.0,True,8.3,40
308,P00351,35,2743.0,78.4,2026-01-04 20:44:18.196005,2026-02-17 13:02:18.196005,Grand Theft Auto V,Xbox Series X,Asia,regular,1,6.09,True,45.7,44
309,P00352,5,228.0,45.6,2026-01-06 11:43:18.196005,2026-01-21 21:38:18.196005,Dota 2,PC,North America,casual,1,6.48,True,3.8,16
310,P00353,57,4810.0,84.4,2026-01-04 19:07:18.196005,2026-03-22 14:31:18.196005,Stardew Valley,PC,North America,regular,2,16.9,True,80.2,77
311,P00354,21,1690.0,80.5,2026-01-05 01:42:18.196005,2026-01-28 18:49:18.196005,The Witcher 3,Xbox Series X,Asia,regular,0,0.0,True,28.2,24
312,P00355,5,202.0,40.4,2026-01-05 16:23:18.196005,2026-01-22 15:24:18.196005,Grand Theft Auto V,PC,Europe,casual,0,0.0,True,3.4,17
313,P00356,33,2789.0,84.5,2026-01-21 13:30:18.196005,2026-03-23 14:21:18.196005,Elden Ring,PC,Europe,regular,0,0.0,False,46.5,62
314,P00357,27,2261.0,83.7,2026-01-19 19:08:18.196005,2026-02-18 20:45:18.196005,Grand Theft Auto V,Xbox Series X,Asia,regular,2,29.38,True,37.7,31
315,P00358,54,4534.0,84.0,2026-01-03 13:56:18.196005,2026-03-23 01:48:18.196005,Cyberpunk 2077,PC,Asia,regular,2,42.78,False,75.6,79
316,P00359,1,36.0,36.0,2026-01-08 17:53:18.196005,2026-01-08 17:53:18.196005,Cyberpunk 2077,PlayStation 5,South America,casual,0,0.0,True,0.6,1
317,P00360,1,47.0,47.0,2026-01-16 17:27:18.196005,2026-01-16 17:27:18.196005,The Witcher 3,Xbox Series X,North America,regular,0,0.0,True,0.8,1
318,P00361,113,20906.0,185.0,2026-01-07 12:24:18.196005,2026-03-23 16:52:18.196005,Elden Ring,PlayStation 5,South America,hardcore,7,207.55,False,348.4,76
319,P00362,4,199.0,49.8,2026-01-14 19:13:18.196005,2026-01-19 13:14:18.196005,Hades,PlayStation 5,Europe,casual,0,0.0,True,3.3,5
320,P00363,1,58.0,58.0,2025-12-29 16:44:18.196005,2025-12-29 16:44:18.196005,Cyberpunk 2077,Xbox Series X,Asia,casual,1,9.06,True,1.0,1
321,P00364,2,71.0,35.5,2026-01-19 00:48:18.196005,2026-01-28 19:10:18.196005,Apex Legends,Xbox Series X,Europe,casual,0,0.0,True,1.2,10
322,P00365,5,370.0,74.0,2026-01-04 23:45:18.196005,2026-01-09 19:22:18.196005,The Witcher 3,PC,North America,regular,1,9.24,True,6.2,5
323,P00366,7,334.0,47.7,2026-01-16 00:48:18.196005,2026-01-30 23:11:18.196005,Hades,PC,North America,casual,0,0.0,True,5.6,15
324,P00367,33,2718.0,82.4,2025-12-28 20:05:18.196005,2026-02-12 03:01:18.196005,Apex Legends,PC,Europe,regular,2,29.8,True,45.3,46
325,P00368,13,1031.0,79.3,2026-01-05 01:28:18.196005,2026-01-22 21:45:18.196005,Hades,Xbox Series X,Europe,regular,1,14.36,True,17.2,18
326,P00370,39,7545.0,193.5,2026-01-04 16:34:18.196005,2026-02-02 18:47:18.196005,Elden Ring,PC,North America,hardcore,4,160.15,True,125.8,30
327,P00371,62,5190.0,83.7,2025-12-29 13:19:18.196005,2026-03-22 14:04:18.196005,Apex Legends,Xbox Series X,Asia,regular,4,40.63,False,86.5,84
328,P00372,3,140.0,46.7,2025-12-26 16:12:18.196005,2025-12-29 12:19:18.196005,Elden Ring,PC,North America,casual,1,8.0,True,2.3,3
329,P00374,3,116.0,38.7,2026-01-01 01:47:18.196005,2026-01-18 21:04:18.196005,Apex Legends,PC,North America,casual,0,0.0,True,1.9,18
330,P00377,139,27937.0,201.0,2025-12-29 13:21:18.196005,2026-03-23 23:42:18.196005,Among Us,Xbox Series X,North America,hardcore,13,376.24,False,465.6,85
331,P00379,8,331.0,41.4,2026-01-09 15:38:18.196005,2026-02-04 14:02:18.196005,Dota 2,Xbox Series X,Oceania,casual,0,0.0,True,5.5,26
332,P00380,26,2049.0,78.8,2026-01-22 17:12:18.196005,2026-02-25 01:22:18.196005,Stardew Valley,PC,North America,regular,1,22.91,True,34.2,34
333,P00381,45,3875.0,86.1,2026-01-03 18:05:18.196005,2026-02-24 20:11:18.196005,Among Us,PlayStation 5,Europe,regular,1,11.98,True,64.6,53
334,P00382,157,28792.0,183.4,2025-12-28 21:27:18.196005,2026-03-23 19:59:18.196005,The Witcher 3,PlayStation 5,Asia,hardcore,17,675.43,False,479.9,85
335,P00383,49,4170.0,85.1,2026-01-11 02:18:18.196005,2026-03-23 03:32:18.196005,Stardew Valley,Xbox Series X,Asia,regular,4,48.61,False,69.5,72
336,P00384,3,128.0,42.7,2026-01-14 15:57:18.196005,2026-01-23 13:20:18.196005,Counter-Strike 2,Xbox Series X,Asia,casual,1,6.88,True,2.1,9
337,P00386,96,20335.0,211.8,2026-01-22 15:55:18.196005,2026-03-23 22:58:18.196005,Cyberpunk 2077,Xbox Series X,North America,hardcore,13,441.19,False,338.9,61
338,P00387,27,2273.0,84.2,2026-01-16 14:04:18.196005,2026-02-22 00:11:18.196005,Dota 2,Xbox Series X,Europe,regular,3,38.43,True,37.9,37
339,P00388,103,20370.0,197.8,2026-01-21 20:52:18.196005,2026-03-24 01:59:18.196005,Hades,Xbox Series X,Asia,hardcore,11,381.61,False,339.5,62
340,P00389,9,333.0,37.0,2026-01-18 17:41:18.196005,2026-02-07 01:15:18.196005,Dota 2,PlayStation 5,Europe,casual,0,0.0,True,5.6,20
341,P00390,159,30630.0,192.6,2026-01-03 17:49:18.196005,2026-03-23 22:32:18.196005,Counter-Strike 2,PlayStation 5,North America,hardcore,26,973.07,False,510.5,80
342,P00391,26,2121.0,81.6,2026-01-17 12:53:18.196005,2026-02-19 13:03:18.196005,Apex Legends,PlayStation 5,Europe,regular,2,47.94,True,35.4,34
343,P00392,2,96.0,48.0,2026-01-17 16:06:18.196005,2026-01-17 21:21:18.196005,Stardew Valley,PC,North America,casual,0,0.0,True,1.6,1
344,P00393,45,3660.0,81.3,2026-01-22 19:02:18.196005,2026-03-23 02:37:18.196005,The Witcher 3,PlayStation 5,Europe,regular,2,23.11,True,61.0,60
345,P00394,36,3017.0,83.8,2025-12-24 19:16:18.196005,2026-02-09 23:07:18.196005,Counter-Strike 2,PC,Europe,regular,3,53.12,True,50.3,48
346,P00395,1,20.0,20.0,2025-12-26 19:16:18.196005,2025-12-26 19:16:18.196005,Counter-Strike 2,Xbox Series X,Asia,casual,0,0.0,True,0.3,1
347,P00397,2,231.0,115.5,2026-01-17 11:44:18.196005,2026-01-18 12:24:18.196005,Among Us,PlayStation 5,Europe,regular,0,0.0,True,3.8,2
348,P00398,11,432.0,39.3,2026-01-03 20:05:18.196005,2026-01-28 16:50:18.196005,Grand Theft Auto V,PlayStation 5,South America,casual,0,0.0,True,7.2,25
349,P00399,1,24.0,24.0,2026-01-03 00:12:18.196005,2026-01-03 00:12:18.196005,Stardew Valley,PC,Europe,casual,0,0.0,True,0.4,1
350,P00400,1,55.0,55.0,2026-01-27 18:35:18.196005,2026-01-27 18:35:18.196005,Counter-Strike 2,PC,Europe,casual,0,0.0,True,0.9,1
351,P00401,4,164.0,41.0,2026-01-10 11:36:18.196005,2026-01-19 02:58:18.196005,Stardew Valley,PlayStation 5,North America,casual,0,0.0,True,2.7,9
352,P00402,4,812.0,203.0,2026-01-03 11:45:18.196005,2026-01-05 03:17:18.196005,Stardew Valley,PlayStation 5,Asia,hardcore,0,0.0,True,13.5,2
353,P00403,39,3305.0,84.7,2026-01-23 16:56:18.196005,2026-03-17 23:23:18.196005,Apex Legends,Xbox Series X,Europe,regular,1,29.72,True,55.1,54
354,P00404,12,514.0,42.8,2026-01-21 00:16:18.196005,2026-02-25 19:17:18.196005,Hades,Xbox Series X,North America,casual,1,9.76,True,8.6,36
355,P00405,151,31361.0,207.7,2025-12-29 02:28:18.196005,2026-03-23 19:44:18.196005,Grand Theft Auto V,Xbox Series X,North America,hardcore,12,413.84,False,522.7,85
356,P00406,104,22167.0,213.1,2026-01-15 23:41:18.196005,2026-03-23 16:08:18.196005,Elden Ring,PC,Europe,hardcore,11,306.45,False,369.4,67
357,P00407,1,28.0,28.0,2026-01-15 15:22:18.196005,2026-01-15 15:22:18.196005,Elden Ring,Xbox Series X,Europe,casual,0,0.0,True,0.5,1
358,P00408,46,3836.0,83.4,2026-01-06 21:27:18.196005,2026-03-23 19:20:18.196005,Among Us,PlayStation 5,Europe,regular,3,52.03,False,63.9,76
359,P00409,8,362.0,45.2,2026-01-08 16:54:18.196005,2026-01-30 20:25:18.196005,Dota 2,PC,Europe,casual,0,0.0,True,6.0,23
360,P00410,132,26751.0,202.7,2026-01-04 15:47:18.196005,2026-03-23 14:15:18.196005,Counter-Strike 2,Xbox Series X,Asia,hardcore,9,259.61,False,445.8,78
361,P00411,50,3924.0,78.5,2026-01-10 00:55:18.196005,2026-03-23 14:55:18.196005,Counter-Strike 2,PlayStation 5,Europe,regular,4,48.56,False,65.4,73
362,P00413,1,33.0,33.0,2026-01-13 12:17:18.196005,2026-01-13 12:17:18.196005,Hades,PC,North America,casual,0,0.0,True,0.6,1
363,P00414,128,24140.0,188.6,2026-01-14 23:26:18.196005,2026-03-23 13:45:18.196005,Among Us,Xbox Series X,South America,hardcore,11,477.76,False,402.3,68
364,P00415,21,895.0,42.6,2026-01-21 02:36:18.196005,2026-03-19 11:56:18.196005,Elden Ring,PlayStation 5,South America,casual,0,0.0,True,14.9,58
365,P00416,3,120.0,40.0,2026-01-02 02:54:18.196005,2026-01-04 00:31:18.196005,Apex Legends,PlayStation 5,Europe,casual,0,0.0,True,2.0,2
366,P00418,30,2476.0,82.5,2026-01-09 11:55:18.196005,2026-02-26 22:58:18.196005,Dota 2,PlayStation 5,North America,regular,4,81.29,True,41.3,49
367,P00420,154,29715.0,193.0,2025-12-30 12:50:18.196005,2026-03-23 16:09:18.196005,Dota 2,PlayStation 5,Asia,hardcore,14,407.58,False,495.2,84
368,P00421,50,4251.0,85.0,2026-01-14 16:54:18.196005,2026-03-21 13:15:18.196005,Stardew Valley,Xbox Series X,North America,regular,2,31.16,False,70.8,66
369,P00423,4,164.0,41.0,2026-01-02 16:16:18.196005,2026-01-23 21:30:18.196005,Hades,PlayStation 5,Oceania,casual,0,0.0,True,2.7,22
370,P00424,6,192.0,32.0,2026-01-07 18:45:18.196005,2026-01-13 00:57:18.196005,Elden Ring,PC,Asia,casual,0,0.0,True,3.2,6
371,P00425,60,5094.0,84.9,2025-12-27 13:16:18.196005,2026-03-23 21:08:18.196005,Elden Ring,PlayStation 5,North America,regular,3,64.14,False,84.9,87
372,P00426,24,2065.0,86.0,2025-12-27 17:22:18.196005,2026-01-22 22:21:18.196005,The Witcher 3,Xbox Series X,North America,regular,0,0.0,True,34.4,27
373,P00427,7,338.0,48.3,2026-01-14 11:58:18.196005,2026-02-15 14:53:18.196005,Dota 2,Xbox Series X,Europe,casual,0,0.0,True,5.6,33
374,P00429,14,531.0,37.9,2026-01-20 02:35:18.196005,2026-02-27 02:59:18.196005,Elden Ring,Xbox Series X,North America,casual,1,8.7,True,8.8,39
375,P00430,8,560.0,70.0,2026-01-20 15:03:18.196005,2026-02-06 03:31:18.196005,Counter-Strike 2,PlayStation 5,Europe,regular,1,15.35,True,9.3,17
376,P00431,126,24769.0,196.6,2025-12-31 20:14:18.196005,2026-03-23 23:00:18.196005,Apex Legends,Xbox Series X,Europe,hardcore,11,312.92,False,412.8,83
377,P00432,31,2553.0,82.4,2025-12-27 19:25:18.196005,2026-02-17 02:13:18.196005,Apex Legends,PlayStation 5,North America,regular,3,58.71,True,42.6,52
378,P00433,7,538.0,76.9,2026-01-12 16:24:18.196005,2026-01-23 20:31:18.196005,The Witcher 3,PC,North America,regular,0,0.0,True,9.0,12
379,P00434,32,2481.0,77.5,2025-12-28 12:31:18.196005,2026-02-05 15:39:18.196005,Hades,PC,North America,regular,3,56.21,True,41.4,40
380,P00436,5,178.0,35.6,2026-01-14 14:33:18.196005,2026-01-23 23:57:18.196005,Hades,PC,Europe,casual,0,0.0,True,3.0,10
381,P00437,5,204.0,40.8,2025-12-24 17:06:18.196005,2025-12-31 16:42:18.196005,Dota 2,PC,Oceania,casual,0,0.0,True,3.4,7
382,P00438,10,816.0,81.6,2026-01-27 03:02:18.196005,2026-02-07 22:08:18.196005,Hades,PC,South America,regular,0,0.0,True,13.6,12
383,P00439,19,1562.0,82.2,2026-01-13 13:03:18.196005,2026-02-13 13:25:18.196005,Grand Theft Auto V,Xbox Series X,North America,regular,1,24.61,True,26.0,32
384,P00440,56,4864.0,86.9,2026-01-04 16:02:18.196005,2026-03-23 12:47:18.196005,Hades,Xbox Series X,South America,regular,4,72.85,False,81.1,78
385,P00441,110,20812.0,189.2,2026-01-15 15:10:18.196005,2026-03-23 15:22:18.196005,Cyberpunk 2077,Xbox Series X,Europe,hardcore,11,371.01,False,346.9,68
386,P00442,6,189.0,31.5,2026-01-23 02:45:18.196005,2026-02-06 02:34:18.196005,Counter-Strike 2,PC,North America,casual,0,0.0,True,3.2,14
387,P00443,54,4172.0,77.3,2026-01-12 20:01:18.196005,2026-03-23 11:53:18.196005,Grand Theft Auto V,Xbox Series X,North America,regular,2,48.73,False,69.5,70
388,P00444,21,825.0,39.3,2026-01-13 16:54:18.196005,2026-03-18 23:24:18.196005,Hades,PlayStation 5,North America,casual,0,0.0,True,13.8,65
389,P00446,56,4383.0,78.3,2026-01-04 23:17:18.196005,2026-03-22 18:47:18.196005,Stardew Valley,PC,North America,regular,1,6.8,False,73.0,77
390,P00447,114,22028.0,193.2,2026-01-12 17:57:18.196005,2026-03-23 20:33:18.196005,Grand Theft Auto V,PlayStation 5,North America,hardcore,10,379.61,False,367.1,71
391,P00448,28,2349.0,83.9,2026-01-11 14:23:18.196005,2026-02-08 00:12:18.196005,Counter-Strike 2,PC,Europe,regular,3,51.36,True,39.2,28
392,P00449,5,228.0,45.6,2025-12-30 20:44:18.196005,2026-01-11 12:49:18.196005,The Witcher 3,PlayStation 5,Asia,casual,0,0.0,True,3.8,12
393,P00450,40,3358.0,84.0,2025-12-26 22:08:18.196005,2026-02-15 16:55:18.196005,Counter-Strike 2,PC,Europe,regular,4,54.3,True,56.0,51
394,P00451,19,695.0,36.6,2026-01-23 18:20:18.196005,2026-03-14 19:21:18.196005,Apex Legends,Xbox Series X,Asia,casual,1,6.31,False,11.6,51
395,P00452,85,16811.0,197.8,2026-01-14 12:41:18.196005,2026-02-26 18:07:18.196005,Grand Theft Auto V,PC,Europe,hardcore,7,227.09,True,280.2,44
396,P00453,52,4095.0,78.8,2026-01-02 15:17:18.196005,2026-03-21 02:31:18.196005,Cyberpunk 2077,Xbox Series X,Europe,regular,4,72.88,False,68.2,78
397,P00454,8,389.0,48.6,2026-01-03 14:10:18.196005,2026-01-13 16:12:18.196005,Hades,PC,North America,casual,1,4.19,True,6.5,11
398,P00455,3,110.0,36.7,2026-01-25 14:49:18.196005,2026-01-25 19:17:18.196005,Elden Ring,PC,Europe,casual,0,0.0,True,1.8,1
399,P00457,23,4703.0,204.5,2026-01-15 13:04:18.196005,2026-01-26 22:01:18.196005,Apex Legends,Xbox Series X,Europe,hardcore,2,102.18,True,78.4,12
400,P00458,1,23.0,23.0,2026-01-14 22:23:18.196005,2026-01-14 22:23:18.196005,Apex Legends,PC,North America,casual,0,0.0,True,0.4,1
401,P00459,33,2770.0,83.9,2026-01-05 02:44:18.196005,2026-02-11 14:56:18.196005,Dota 2,PlayStation 5,North America,regular,3,37.35,True,46.2,38
402,P00460,53,4404.0,83.1,2026-01-13 21:38:18.196005,2026-03-21 01:15:18.196005,Counter-Strike 2,PlayStation 5,North America,regular,3,50.93,True,73.4,67
403,P00461,33,2501.0,75.8,2026-01-04 14:33:18.196005,2026-02-16 00:45:18.196005,Hades,Xbox Series X,Asia,regular,2,42.15,True,41.7,43
404,P00462,6,173.0,28.8,2026-01-20 14:30:18.196005,2026-01-30 00:37:18.196005,Among Us,PlayStation 5,North America,casual,0,0.0,True,2.9,10
405,P00463,114,23098.0,202.6,2026-01-02 18:44:18.196005,2026-03-14 13:22:18.196005,Apex Legends,Xbox Series X,Asia,hardcore,14,549.01,True,385.0,71
406,P00464,10,367.0,36.7,2026-01-14 17:33:18.196005,2026-01-29 22:33:18.196005,Grand Theft Auto V,Xbox Series X,Europe,casual,0,0.0,True,6.1,16
407,P00466,5,366.0,73.2,2026-01-09 18:44:18.196005,2026-01-13 23:13:18.196005,Elden Ring,PlayStation 5,North America,regular,0,0.0,True,6.1,5
408,P00467,16,1268.0,79.2,2026-01-09 19:56:18.196005,2026-01-20 15:48:18.196005,The Witcher 3,PC,North America,regular,1,28.91,True,21.1,11
409,P00468,96,18954.0,197.4,2026-01-20 16:43:18.196005,2026-03-20 20:35:18.196005,Elden Ring,PC,Asia,hardcore,7,267.99,True,315.9,60
410,P00469,6,285.0,47.5,2026-01-01 15:36:18.196005,2026-01-13 21:45:18.196005,Dota 2,PC,Asia,casual,0,0.0,True,4.8,13
411,P00470,1,69.0,69.0,2025-12-31 13:03:18.196005,2025-12-31 13:03:18.196005,Cyberpunk 2077,PC,North America,regular,0,0.0,True,1.2,1
412,P00471,18,714.0,39.7,2026-01-10 15:48:18.196005,2026-02-14 23:01:18.196005,Among Us,PlayStation 5,Europe,casual,1,7.82,True,11.9,36
413,P00472,1,38.0,38.0,2025-12-26 22:11:18.196005,2025-12-26 22:11:18.196005,Apex Legends,PlayStation 5,North America,casual,0,0.0,True,0.6,1
414,P00473,9,341.0,37.9,2026-01-11 16:10:18.196005,2026-01-30 02:49:18.196005,Hades,PC,Asia,casual,0,0.0,True,5.7,19
415,P00475,2,51.0,25.5,2026-01-17 02:55:18.196005,2026-01-19 15:59:18.196005,Hades,Xbox Series X,North America,casual,0,0.0,True,0.8,3
416,P00476,5,233.0,46.6,2026-01-18 23:11:18.196005,2026-01-27 21:30:18.196005,Counter-Strike 2,PC,North America,casual,0,0.0,True,3.9,9
417,P00477,5,233.0,46.6,2026-01-17 12:15:18.196005,2026-01-29 18:30:18.196005,Elden Ring,PlayStation 5,Asia,casual,0,0.0,True,3.9,13
418,P00478,55,4406.0,80.1,2026-01-18 12:33:18.196005,2026-03-17 02:38:18.196005,Apex Legends,Xbox Series X,North America,regular,6,116.86,True,73.4,58
419,P00479,10,838.0,83.8,2026-01-12 11:42:18.196005,2026-01-25 23:05:18.196005,Elden Ring,PlayStation 5,Europe,regular,2,52.76,True,14.0,14
420,P00480,3,119.0,39.7,2026-01-23 01:00:18.196005,2026-01-28 17:06:18.196005,The Witcher 3,Xbox Series X,North America,casual,0,0.0,True,2.0,6
421,P00481,11,461.0,41.9,2025-12-25 00:01:18.196005,2026-01-31 12:20:18.196005,Elden Ring,Xbox Series X,North America,casual,0,0.0,True,7.7,38
422,P00482,11,394.0,35.8,2025-12-28 01:44:18.196005,2026-01-29 16:10:18.196005,Cyberpunk 2077,PlayStation 5,Europe,casual,0,0.0,True,6.6,33
423,P00483,5,511.0,102.2,2026-01-09 14:46:18.196005,2026-01-14 19:55:18.196005,Cyberpunk 2077,PC,North America,regular,0,0.0,True,8.5,6
424,P00484,7,302.0,43.1,2026-01-28 23:23:18.196005,2026-02-13 17:43:18.196005,Grand Theft Auto V,PC,Europe,casual,0,0.0,True,5.0,16
425,P00485,8,300.0,37.5,2026-01-09 13:13:18.196005,2026-01-26 23:36:18.196005,Hades,Xbox Series X,Europe,casual,0,0.0,True,5.0,18
426,P00486,1,54.0,54.0,2025-12-26 20:42:18.196005,2025-12-26 20:42:18.196005,Apex Legends,PlayStation 5,South America,casual,0,0.0,True,0.9,1
427,P00487,15,641.0,42.7,2026-01-15 16:01:18.196005,2026-03-09 02:33:18.196005,Counter-Strike 2,PC,South America,casual,0,0.0,True,10.7,53
428,P00488,11,446.0,40.5,2026-01-02 16:47:18.196005,2026-02-01 20:07:18.196005,Counter-Strike 2,Xbox Series X,Europe,casual,0,0.0,True,7.4,31
429,P00489,18,1486.0,82.6,2026-01-15 22:19:18.196005,2026-02-14 17:03:18.196005,Hades,Xbox Series X,Europe,regular,1,13.13,True,24.8,30
430,P00490,69,5687.0,82.4,2025-12-27 14:57:18.196005,2026-03-22 19:51:18.196005,Among Us,PlayStation 5,Asia,regular,5,98.5,False,94.8,86
431,P00491,19,1553.0,81.7,2025-12-31 17:36:18.196005,2026-01-18 01:42:18.196005,Dota 2,Xbox Series X,Europe,regular,0,0.0,True,25.9,18
432,P00492,3,235.0,78.3,2026-01-03 12:14:18.196005,2026-01-06 20:47:18.196005,Counter-Strike 2,PlayStation 5,North America,regular,1,25.19,True,3.9,4
433,P00493,15,1185.0,79.0,2026-01-01 12:44:18.196005,2026-01-23 01:28:18.196005,The Witcher 3,Xbox Series X,Asia,regular,2,28.57,True,19.8,22
434,P00494,3,89.0,29.7,2026-01-26 14:49:18.196005,2026-02-06 00:05:18.196005,Grand Theft Auto V,PlayStation 5,Europe,casual,0,0.0,True,1.5,11
435,P00495,2,126.0,63.0,2026-01-08 17:48:18.196005,2026-01-09 15:54:18.196005,Stardew Valley,Xbox Series X,Oceania,regular,0,0.0,True,2.1,1
436,P00496,9,822.0,91.3,2025-12-28 19:22:18.196005,2026-01-11 19:58:18.196005,Hades,PC,South America,regular,0,0.0,True,13.7,15
437,P00497,1,54.0,54.0,2025-12-29 01:19:18.196005,2025-12-29 01:19:18.196005,The Witcher 3,PC,South America,casual,0,0.0,True,0.9,1
438,P00498,50,3946.0,78.9,2025-12-30 19:29:18.196005,2026-03-01 21:29:18.196005,Apex Legends,Xbox Series X,South America,regular,3,41.2,True,65.8,62
439,P00499,11,390.0,35.5,2026-01-15 23:45:18.196005,2026-02-08 02:07:18.196005,Grand Theft Auto V,Xbox Series X,Europe,casual,0,0.0,True,6.5,24
440,P00500,47,3925.0,83.5,2026-01-17 14:41:18.196005,2026-03-21 16:10:18.196005,Hades,Xbox Series X,Asia,regular,2,34.62,False,65.4,64
